,userFollowerCount,userFollowingCount,userBiographyLength,userMediaCount,userHasProfilPic,userIsPrivate,usernameDigitCount,usernameLength,isFake
0,3,76,0,0,1,1,2,12,1
1,152,966,0,6,1,0,0,9,0
2,319,429,0,68,1,1,0,7,0
3,557,703,0,60,1,0,0,11,0
4,695,635,25,21,1,0,0,9,0
5,536,669,21,30,1,1,2,8,0
6,449,481,34,45,1,1,2,10,0
7,10,1768,0,0,0,0,4,14,1
8,535,368,122,49,1,1,0,18,0
9,462,682,0,94,1,1,0,10,0
10,875,878,4,15,1,1,0,13,0
11,512,522,56,88,1,1,0,10,0
12,804,648,2,29,1,1,0,13,0
13,125,691,15,3,1,0,3,14,0
14,1058,614,23,52,1,0,0,12,0
15,276,352,0,69,1,1,0,8,0
16,174,172,0,1,1,1,0,10,0
17,507,493,59,25,1,1,0,12,0
18,337,482,0,7,1,1,0,14,0
19,413,677,0,38,1,1,0,15,0
20,427,594,7,37,1,1,0,9,0
21,1173,1431,15,3,1,0,0,10,0
22,917,591,37,48,1,1,0,8,0
23,427,548,72,54,1,1,0,11,0
24,118,92,0,3,1,1,0,8,0
25,81,142,0,8,1,1,2,7,0
26,406,478,0,76,1,1,0,12,0
27,371,357,78,19,1,1,0,12,0
28,2207,593,47,198,1,0,0,15,0
29,600,719,50,181,1,1,0,12,0
30,208,310,9,440,1,1,0,10,0
31,0,54,0,0,0,1,0,11,1
32,304,298,32,1,1,1,4,17,0
33,95,90,0,4,1,1,2,14,0
34,421,424,15,124,1,1,0,6,0
35,3,151,0,0,0,1,0,16,1
36,199,197,74,6,1,0,0,10,0
37,523,782,9,471,1,1,0,5,0
38,303,341,20,12,1,1,0,13,0
39,200,257,20,3,1,1,0,11,0
40,611,412,139,12,1,1,0,13,0
41,342,371,43,15,1,1,0,11,0
42,679,764,23,39,1,1,0,11,0
43,168,10,0,0,1,0,0,5,0
44,260,344,0,99,1,1,0,14,0
45,489,473,8,86,1,0,4,9,0
46,400,835,0,44,1,1,0,9,0
47,47,124,0,3,1,1,0,13,0
48,338,367,2,37,1,1,0,13,0
49,5,4,0,0,1,0,2,13,0
50,495,491,40,12,1,1,2,11,0
51,936,706,35,61,1,1,1,16,0
52,561,737,0,66,1,1,0,9,0
53,227,342,49,128,1,1,0,9,0
54,352,575,6,88,1,1,0,13,0
55,619,793,98,272,1,1,0,7,0
56,494,3853,0,1,1,0,4,18,1
57,433,490,0,12,1,1,0,11,0
58,116,214,0,5,1,1,0,11,0
59,647,454,0,6,1,1,0,6,0
60,225,446,0,53,1,0,0,11,0
61,91,149,0,7,1,0,0,18,0
62,44,361,0,2,0,0,0,15,0
63,401,3796,0,0,0,0,3,10,1
64,284,289,8,31,1,1,0,10,0
65,378,422,21,31,1,1,0,12,0
66,501,465,18,4,1,1,0,10,0
67,467,681,1,149,1,1,0,10,0
68,415,416,67,45,1,1,0,9,0
69,594,863,105,276,1,1,0,9,0
70,32,2471,0,0,0,0,3,13,1
71,760,577,20,15,1,0,0,9,0
72,341,440,51,9,1,1,0,14,0
73,149,822,83,6,1,0,0,13,0
74,534,539,11,0,1,0,0,11,1
75,601,509,33,223,1,1,0,10,0
76,43,48,0,13,1,1,4,10,0
77,508,504,9,74,1,1,0,5,0
78,69,3577,0,1,0,0,1,9,1
79,1083,1066,46,469,1,0,0,9,0
80,183,401,0,9,1,1,0,20,0
81,163,6747,0,3,1,0,0,10,1
82,488,546,14,25,1,1,0,9,0
83,353,733,32,5,1,1,0,7,0
84,492,724,0,71,1,1,0,14,0
85,318,306,51,13,1,0,0,11,0
86,2082,2197,94,875,1,0,0,7,0
87,9,1770,0,0,0,0,0,8,1
88,642,776,85,236,1,1,4,15,0
89,7,2116,0,0,0,0,2,12,1
90,305,386,24,166,1,1,0,9,0
91,21,586,54,3,1,0,0,12,0
92,346,303,14,16,1,0,0,11,0
93,446,489,29,46,1,1,0,10,0
94,409,407,25,164,1,1,0,12,0
95,1,1807,0,0,0,1,2,12,1
96,349,806,125,66,1,1,0,10,0
97,300,442,0,36,1,1,0,12,0
98,56,153,28,36,1,1,3,13,0
99,29,5105,0,0,0,0,5,18,1
100,51,48,0,43,1,1,0,8,0
101,1209,1093,38,289,1,0,0,8,0
102,386,482,32,48,1,1,0,7,0
103,337,455,0,2,1,1,0,14,0
104,420,417,43,6,1,1,0,11,0
105,260,410,0,3,1,1,0,7,0
106,661,628,63,29,1,1,0,8,0
107,209,257,10,52,1,1,0,12,0
108,167,184,33,10,1,1,2,10,0
109,470,627,61,7,1,1,0,8,0
110,52,121,0,30,1,1,0,9,0
111,527,659,24,109,1,0,0,10,0
112,894,720,41,80,1,0,0,11,0
113,727,729,0,31,1,1,0,11,0
114,266,257,44,105,1,1,0,11,0
115,301,7493,0,0,1,1,4,10,1
116,247,236,1,12,1,1,0,12,0
117,419,411,33,38,1,1,0,13,0
118,439,910,1,517,1,1,0,10,0
119,442,719,0,96,1,0,2,7,0
120,616,564,37,26,1,0,0,10,0
121,156,199,42,2,1,0,0,11,0
122,0,524,0,0,1,1,0,6,1
123,197,267,13,8,1,1,0,12,0
124,1002,4209,0,9,1,0,2,16,0
125,340,806,0,18,1,0,0,13,0
126,198,198,17,35,1,0,0,12,0
127,52,4614,0,0,1,0,0,14,1
128,133,145,0,4,1,0,0,15,1
129,183,155,0,1,1,0,0,10,0
130,115,143,0,15,1,1,0,7,0
131,1121,1118,150,615,1,1,0,10,0
132,406,478,0,76,1,1,0,12,0
133,550,485,31,84,1,1,0,11,0
134,491,745,0,373,1,1,3,16,0
135,423,523,0,114,1,1,0,11,0
136,848,959,0,225,1,0,0,8,0
137,251,257,0,24,1,1,0,15,0
138,179,347,0,25,1,0,2,5,0
139,384,469,42,71,1,1,0,11,0
140,362,373,0,19,1,0,0,10,0
141,96,134,3,9,1,1,0,20,0
142,517,1693,67,6,1,0,4,12,0
143,258,286,24,5,1,1,0,9,0
144,153,367,9,72,1,0,0,13,0
145,545,995,26,340,1,1,0,8,0
146,278,672,25,21,1,1,0,15,0
147,69,1374,9,0,1,1,1,7,1
148,239,416,27,8,1,1,0,14,0
149,110,1612,0,0,0,1,4,12,1
150,498,148,12,2,1,0,4,12,0
151,247,289,35,70,1,1,0,14,0
152,562,691,18,21,1,1,0,12,0
153,284,361,45,41,1,1,0,19,0
154,472,534,0,27,1,1,0,7,0
155,25,322,0,0,1,0,0,8,1
156,155,359,73,71,1,1,0,8,0
157,176,256,0,1,1,1,0,12,0
158,361,358,18,75,1,0,0,9,0
159,269,268,0,23,1,1,0,8,0
160,290,656,0,50,1,1,0,11,0
161,98,937,0,8,1,0,0,15,0
162,334,499,34,30,1,1,0,12,0
163,181,186,0,8,1,1,0,11,0
164,116,187,0,0,1,1,0,12,0
165,102,332,0,0,0,0,1,7,1
166,207,553,0,9,1,0,2,11,0
167,13,114,0,0,0,0,4,9,1
168,312,323,22,12,1,1,0,7,0
169,5,964,0,1,1,0,0,9,1
170,476,462,9,75,1,1,0,13,0
171,21,63,0,1,1,0,4,14,0
172,172,141,0,62,1,0,0,9,0
173,12,202,135,2,1,0,0,12,0
174,893,902,30,87,1,1,0,14,0
175,447,572,83,120,1,1,0,15,0
176,1338,3364,0,0,0,1,0,10,1
177,345,393,0,2,1,1,0,8,0
178,293,235,0,103,1,1,0,12,0
179,0,1,92,9,1,0,1,15,1
180,846,743,22,38,1,0,0,12,0
181,244,263,0,82,1,1,0,11,0
182,158,303,51,2,1,0,2,11,0
183,252,509,0,28,1,1,0,11,0
184,366,377,8,373,1,1,0,9,0
185,99,1358,0,1,1,0,3,7,1
186,516,555,57,39,1,1,0,12,0
187,319,378,48,41,1,1,0,13,0
188,25,1937,0,0,1,1,0,10,1
189,274,403,30,122,1,1,0,10,0
190,1507,1198,35,175,1,1,0,13,0
191,318,318,8,9,1,1,0,10,0
192,49,2987,0,0,0,0,0,8,1
193,109,1722,0,8,1,1,5,11,1
194,334,234,0,16,1,1,0,12,0
195,120,84,25,48,1,1,0,13,0
196,319,319,46,138,1,1,0,11,0
197,447,387,12,31,1,1,0,12,0
198,384,410,0,48,1,1,1,13,0
199,324,323,0,114,1,1,0,10,0
200,38,1678,0,0,0,0,5,19,1
201,218,221,10,8,1,1,0,15,0
202,16,2473,0,0,0,0,0,13,1
203,187,207,9,16,1,1,0,9,0
204,323,326,28,8,1,1,0,9,0
205,0,194,0,0,1,1,0,9,1
206,51,3241,50,0,1,1,2,13,1
207,58,826,0,0,1,0,4,12,1
208,924,832,26,596,1,1,0,9,0
209,898,624,150,141,1,1,0,15,0
210,460,459,41,23,1,1,0,12,0
211,452,385,49,172,1,0,0,6,0
212,109,115,0,0,1,1,0,18,0
213,26,142,0,0,0,0,0,9,1
214,207,201,131,75,1,1,2,12,0
215,1136,976,110,188,1,1,0,10,0
216,516,764,0,217,1,1,0,10,0
217,46,2521,0,0,0,0,2,12,1
218,2939,595,140,43,1,0,0,13,0
219,529,589,33,67,1,1,0,13,0
220,0,174,14,0,1,1,1,9,1
221,379,531,27,52,1,1,0,11,0
222,12,1377,0,0,0,0,5,15,1
223,321,391,0,1,1,1,0,12,0
224,480,481,0,72,1,1,0,11,0
225,0,0,52,6,1,0,3,7,1
226,340,378,27,9,1,1,0,12,0
227,48,179,0,4,1,0,0,8,1
228,504,465,0,74,1,1,2,11,0
229,136,365,0,19,1,1,0,14,0
230,425,477,4,137,1,1,0,11,0
231,769,1115,25,92,1,0,0,10,0
232,261,488,0,3,1,1,0,11,0
233,60,58,47,6,1,0,0,13,0
234,338,334,19,30,1,1,0,13,0
235,89,112,0,3,1,1,2,12,0
236,643,2240,0,2,1,0,1,11,1
237,258,238,0,0,1,0,0,10,0
238,509,690,0,15,1,1,0,10,0
239,531,480,0,13,1,0,0,12,0
240,352,333,14,38,1,1,0,11,0
241,5,460,0,1,1,1,1,7,1
242,115,160,54,61,1,1,0,9,0
243,147,2387,0,0,1,0,2,10,1
244,403,449,8,204,1,1,0,12,0
245,34,3681,36,1,1,0,0,9,1
246,87,851,53,0,1,0,0,8,1
247,152,221,0,117,1,0,0,11,0
248,354,455,0,19,1,1,0,12,0
249,339,331,48,4,1,1,0,12,0
250,311,412,0,3,0,1,0,13,0
251,530,597,53,71,1,1,0,8,0
252,5,13,0,1,1,1,4,16,0
253,70,90,0,0,1,1,4,9,0
254,272,918,0,1,1,0,0,7,0
255,531,686,0,41,1,1,0,9,0
256,474,935,72,273,1,1,0,8,0
257,93,139,0,3,1,0,0,12,0
258,77,92,0,0,1,1,0,10,0
259,142,224,0,8,1,0,0,7,0
260,346,318,18,0,1,0,0,12,0
261,514,1999,27,0,1,0,0,6,1
262,360,2288,0,228,1,0,0,12,0
263,101,109,0,2,1,1,3,17,0
264,29,1857,19,1,1,0,3,8,1
265,1705,578,25,6,1,0,2,14,0
266,684,592,11,49,1,1,0,11,0
267,464,684,39,102,1,1,0,10,0
268,0,753,0,9,1,1,0,13,1
269,1011,262,100,132,1,0,0,17,0
270,667,660,0,20,1,1,0,7,0
271,682,762,11,114,1,1,0,7,0
272,283,477,0,5,1,1,2,8,0
273,226,261,0,20,1,1,0,13,0
274,14,1725,0,0,1,1,4,9,1
275,505,498,0,64,1,0,0,9,0
276,66,61,20,0,1,0,0,12,0
277,16,57,26,4,1,1,2,14,0
278,615,830,42,108,1,1,0,15,0
279,260,161,0,2,1,1,0,10,0
280,218,255,0,2,1,1,0,9,0
281,49,111,0,0,0,1,5,10,1
282,129,1796,0,5,1,1,0,8,1
283,358,336,0,9,1,0,0,13,0
284,972,732,5,113,1,1,0,13,0
285,58,2132,0,0,0,0,0,14,1
286,136,162,103,2,1,1,2,8,0
287,15,659,0,1,1,0,0,8,1
288,475,551,0,93,1,1,0,11,0
289,223,1735,0,6,1,0,2,9,1
290,325,335,0,50,1,1,0,14,0
291,634,618,17,25,1,1,0,7,0
292,0,848,0,0,0,1,4,9,1
293,85,1401,130,9,1,0,3,16,1
294,269,127,148,146,1,1,0,13,0
295,261,299,119,8,1,0,0,10,0
296,20,3543,0,0,0,0,1,11,1
297,281,560,32,396,1,1,0,10,0
298,241,293,22,16,1,1,0,10,0
299,2572,693,3,8,1,0,0,11,0
300,4,883,0,0,1,0,1,7,1
301,485,510,115,24,1,1,0,13,0
302,374,449,0,26,1,1,0,12,0
303,134,365,7,59,1,1,0,11,0
304,535,426,13,60,1,0,0,12,0
305,0,140,0,0,1,1,2,7,1
306,367,524,0,47,1,1,0,11,0
307,771,1743,96,118,1,1,0,15,0
308,541,516,134,84,1,0,0,8,0
309,1483,1498,28,770,1,1,0,11,0
310,81,52,0,4,1,1,0,15,0
311,154,147,22,5,1,0,0,14,0
312,1669,996,127,107,1,1,2,13,0
313,582,658,0,80,1,1,0,11,0
314,201,317,79,14,1,1,0,8,0
315,239,1134,145,9,1,0,0,19,0
316,579,504,27,35,1,1,0,11,0
317,473,397,35,28,1,1,0,16,0
318,426,486,60,110,1,0,0,12,0
319,289,224,59,10,1,1,0,16,0
320,609,543,23,58,1,1,0,9,0
321,548,480,0,98,1,1,0,7,0
322,302,362,1,54,1,1,0,13,0
323,434,528,23,93,1,1,0,9,0
324,55,31,0,1,1,0,0,8,0
325,709,692,0,76,1,1,0,17,0
326,213,406,0,169,1,1,0,6,0
327,479,547,59,80,1,1,0,10,0
328,207,196,0,7,1,1,0,11,0
329,173,195,4,0,1,1,0,14,0
330,12,2721,16,1,1,1,0,13,1
331,473,794,0,4,1,1,0,8,0
332,105,174,0,0,1,1,0,11,0
333,16,486,0,0,1,1,0,13,1
334,5,46,105,7,1,0,0,15,0
335,536,447,33,79,1,1,0,9,0
336,1,8,0,0,0,0,0,11,1
337,105,167,0,0,1,1,0,7,0
338,165,181,0,85,1,1,0,13,0
339,213,235,42,32,1,1,1,13,0
340,141,96,91,9,1,0,0,9,0
341,198,233,0,28,1,1,0,15,0
342,272,302,31,1,1,1,0,7,0
343,192,145,0,37,1,1,0,10,0
344,362,332,0,38,1,0,0,14,0
345,429,449,0,1,1,0,4,9,0
346,1725,1466,135,245,1,1,0,17,0
347,69,100,0,5,1,1,0,9,0
348,301,477,20,6,1,1,0,12,0
349,407,464,70,579,1,1,0,7,0
350,38,158,0,1,0,1,0,14,0
351,569,539,41,95,1,1,0,11,0
352,1087,922,133,284,1,0,0,10,0
353,1099,584,0,124,1,1,0,11,0
354,113,112,0,14,1,1,0,10,0
355,148,196,0,7,1,1,0,12,0
356,232,6013,111,1,1,0,1,20,1
357,311,351,0,63,1,0,0,11,0
358,22,46,0,1,1,1,0,13,0
359,59,89,0,0,1,0,2,12,0
360,22,28,0,0,0,1,0,15,0
361,55,776,6,1,1,0,0,11,1
362,777,582,22,29,1,0,0,13,0
363,376,636,19,60,1,1,0,7,0
364,377,387,0,33,1,1,0,13,0
365,199,228,0,12,1,1,0,8,0
366,237,283,0,0,1,1,0,10,0
367,357,369,65,6,1,1,0,11,0
368,151,1975,0,0,0,1,4,9,1
369,292,447,0,47,1,1,0,10,0
370,49,2499,23,1,1,0,4,17,1
371,242,299,39,23,1,1,0,11,0
372,340,343,0,8,1,1,0,11,0
373,97,156,0,24,1,1,0,9,0
374,737,875,87,53,1,0,0,10,0
375,449,1151,0,84,0,1,0,9,0
376,47,61,57,7,1,0,0,15,0
377,14,3086,0,1,1,0,0,11,1
378,481,555,8,29,1,1,0,11,0
379,349,420,0,61,1,1,0,12,0
380,93,51,0,1,1,1,0,10,0
381,4,179,0,1,1,0,0,17,1
382,295,378,27,1,1,1,1,13,0
383,816,7497,0,85,1,0,3,15,1
384,228,320,17,20,1,1,0,11,0
385,189,190,0,9,1,1,0,6,0
386,150,149,77,22,1,0,0,13,0
387,372,362,36,13,1,1,0,7,0
388,281,1342,60,327,1,0,5,9,0
389,575,537,27,44,1,1,0,14,0
390,367,1114,16,69,1,0,0,8,0
391,219,99,87,79,1,0,0,18,0
392,1035,828,0,24,1,0,0,10,0
393,1933,995,0,107,1,1,0,11,0
394,326,784,6,27,1,1,0,12,0
395,0,126,0,0,1,1,0,5,1
396,211,255,23,27,1,1,4,10,0
397,252,579,0,0,1,1,0,14,0
398,373,1477,90,25,1,0,0,14,0
399,3140,496,63,807,1,1,0,5,0
400,0,3,0,0,0,0,3,10,1
401,316,317,110,101,1,1,0,7,0
402,511,873,1,502,1,1,0,11,0
403,309,323,0,96,1,1,0,11,0
404,350,393,26,19,1,1,0,8,0
405,306,329,128,11,1,1,0,9,0
406,226,248,42,19,1,0,0,6,0
407,365,627,12,107,1,0,0,7,0
408,964,861,29,9,1,1,0,8,0
409,515,571,0,4,1,0,0,11,0
410,647,542,21,36,1,1,0,14,0
411,347,610,44,14,1,1,2,14,0
412,720,643,16,93,1,1,0,13,0
413,357,593,0,20,1,1,0,9,0
414,225,256,0,1,1,1,0,10,0
415,521,860,0,262,1,1,0,7,0
416,124,1411,85,0,1,1,0,13,1
417,441,2772,0,0,0,1,2,9,1
418,224,234,13,7,1,1,0,10,0
419,4,1546,0,0,0,0,0,11,1
420,320,457,14,1,1,0,0,8,0
421,326,654,146,155,1,1,0,8,0
422,103,143,0,20,1,1,1,11,0
423,440,540,16,48,1,1,0,6,0
424,24,696,0,0,0,1,0,9,1
425,150,6631,1,0,1,1,3,8,1
426,305,322,4,49,1,0,0,13,0
427,359,586,48,8,1,1,0,12,0
428,282,2517,0,5,1,0,2,11,1
429,441,368,25,30,1,1,0,8,0
430,1872,1806,39,374,1,1,0,11,0
431,461,440,25,115,1,1,0,10,0
432,160,2246,0,1,1,0,3,10,1
433,623,579,146,83,1,0,0,14,0
434,88,266,0,1,1,0,0,9,1
435,323,505,0,0,1,1,1,13,0
436,271,771,30,81,1,1,0,9,0
437,246,267,0,55,1,1,0,15,0
438,11,1008,12,1,1,0,0,12,1
439,13,73,56,8,1,1,0,12,0
440,11,2258,0,3,1,0,0,18,1
441,309,827,0,203,1,1,0,9,0
442,415,439,0,13,1,1,0,11,0
443,133,135,20,4,1,1,0,10,0
444,873,913,66,52,1,1,1,15,0
445,3257,3511,136,113,1,0,0,8,0
446,196,224,0,0,1,0,0,10,0
447,347,381,6,66,1,1,0,9,0
448,381,1319,144,102,1,1,0,11,0
449,441,368,25,30,1,1,0,8,0
450,249,234,19,17,1,1,0,9,0
451,698,705,0,32,1,1,0,7,0
452,206,201,10,16,1,1,0,9,0
453,616,718,0,35,1,1,0,12,0
454,726,582,0,17,1,0,0,16,0
455,423,424,40,169,1,1,0,12,0
456,343,388,0,67,1,1,0,5,0
457,49,326,0,7,1,0,0,14,0
458,174,165,0,76,1,1,1,9,0
459,109,154,0,0,1,1,0,14,0
460,203,256,0,1,1,1,0,7,0
461,87,95,24,11,1,1,0,17,0
462,619,937,0,16,1,1,0,10,0
463,540,543,0,73,1,1,0,12,0
464,116,162,39,11,1,1,0,11,0
465,11,4677,0,0,0,0,3,8,1
466,1206,962,0,141,1,1,0,11,0
467,1020,1048,101,126,1,0,0,8,0
468,289,451,0,76,1,1,0,13,0
469,321,295,18,99,1,1,0,11,0
470,29,1603,89,2,1,0,0,11,1
471,40,118,3,4,0,0,0,13,0
472,248,289,22,21,1,1,0,10,0
473,17,183,0,0,0,1,1,10,1
474,145,2291,0,1,0,0,7,15,1
475,161,168,0,59,1,1,0,8,0
476,382,691,0,300,1,1,0,6,0
477,283,442,6,36,1,1,0,8,0
478,481,452,93,163,1,0,0,10,0
479,202,201,0,21,1,1,0,9,0
480,51,78,9,0,1,1,0,10,0
481,594,863,105,276,1,1,0,9,0
482,522,856,139,216,1,0,0,11,0
483,104,120,0,12,1,1,0,9,0
484,1017,1201,0,263,1,0,0,14,0
485,1127,3758,0,3,1,1,6,9,1
486,264,4651,0,0,1,0,0,14,1
487,42,8,0,1,1,0,0,15,0
488,224,308,23,59,1,1,0,16,0
489,404,408,27,102,1,1,0,7,0
490,290,517,2,16,1,1,0,10,0
491,404,454,9,26,1,1,0,11,0
492,0,6,0,0,0,1,7,11,1
493,256,308,8,6,1,1,0,17,0
494,64,190,70,3,1,0,0,16,1
495,673,587,41,11,1,1,0,11,0
496,508,723,33,154,1,1,0,11,0
497,209,240,0,0,1,0,0,6,0
498,1,0,60,5,1,0,1,13,1
499,39,481,14,2,1,0,0,19,1
500,443,1821,0,8,1,0,0,14,0
501,101,114,14,4,1,1,0,15,0
502,183,189,6,11,1,1,0,5,0
503,261,102,0,142,1,0,0,8,0
504,861,686,0,323,1,0,0,9,0
505,379,386,0,31,1,0,0,11,0
506,633,661,19,31,1,1,0,10,0
507,230,358,0,26,1,0,0,10,0
508,106,115,0,8,1,1,0,8,0
509,26,3400,0,0,0,0,2,8,1
510,522,493,0,43,1,1,0,11,0
511,290,2269,0,0,0,1,0,12,1
512,197,320,0,9,1,1,0,10,0
513,213,274,0,1,1,1,0,13,0
514,609,719,89,37,1,0,0,11,0
515,127,142,0,6,1,1,0,13,0
516,8,1709,0,0,1,1,2,7,1
517,816,646,130,9,1,0,1,15,0
518,199,209,107,49,1,1,0,10,0
519,140,288,0,5,1,0,0,13,0
520,513,520,49,37,1,0,0,10,0
521,30,347,149,1,1,0,2,9,0
522,228,1779,0,0,0,0,10,11,1
523,422,466,25,27,1,1,0,12,0
524,257,291,139,19,1,1,2,10,0
525,25,136,0,0,0,1,2,8,1
526,290,289,0,76,1,1,0,9,0
527,1,67,0,0,0,1,0,8,1
528,247,316,108,3,1,0,0,9,0
529,236,226,12,12,1,1,0,7,0
530,12,1710,0,1,1,0,3,13,1
531,288,4276,0,1,1,0,5,9,1
532,109,104,22,20,1,0,0,13,0
533,28,4518,0,1,1,0,2,6,1
534,303,418,115,92,1,1,0,13,0
535,1022,5252,140,2,1,0,3,10,0
536,296,495,0,49,1,1,0,12,0
537,113,242,0,95,1,1,0,10,0
538,615,1187,1,984,1,1,0,13,0
539,402,524,3,79,1,1,0,8,0
540,264,265,34,4,1,1,0,10,0
541,959,2107,0,3,1,0,0,8,1
542,272,240,0,147,1,0,0,13,0
543,397,371,0,298,1,1,0,6,0
544,488,569,0,34,1,1,0,9,0
545,252,265,41,4,1,1,0,9,0
546,35,2553,0,1,1,0,0,21,1
547,412,414,12,15,1,1,1,12,0
548,467,519,13,16,1,1,0,17,0
549,911,343,76,411,1,0,0,7,0
550,801,4536,82,9,1,0,3,15,0
551,277,175,0,65,1,0,0,9,0
552,186,217,14,5,1,0,0,12,0
553,390,520,38,78,1,1,0,10,0
554,156,165,0,8,1,0,0,16,0
555,92,196,3,5,1,1,0,12,0
556,521,1282,0,156,1,1,0,13,0
557,245,423,0,74,1,1,0,10,0
558,240,492,78,12,1,1,0,13,0
559,196,270,0,199,1,0,0,15,0
560,2253,5022,0,172,1,0,7,15,0
561,566,464,32,65,1,1,0,9,0
562,310,349,0,25,1,1,0,14,0
563,257,252,0,25,1,0,0,12,0
564,249,171,0,56,1,1,0,8,0
565,310,330,0,0,1,1,1,5,0
566,160,177,0,2,1,0,0,12,0
567,126,88,0,2,1,0,0,9,0
568,291,84,68,5,1,0,1,11,0
569,135,517,44,4,1,0,4,11,0
570,404,392,25,23,1,1,0,14,0
571,32,48,0,4,1,0,0,17,0
572,333,358,35,23,1,1,0,18,0
573,262,265,19,22,1,1,0,11,0
574,634,648,59,21,1,0,0,9,0
575,334,870,0,28,1,1,0,13,0
576,486,578,0,3,1,0,4,17,0
577,270,280,34,52,1,1,0,11,0
578,288,304,45,5,1,1,0,11,0
579,1,1,59,7,1,0,4,15,1
580,220,367,0,10,1,1,0,12,0
581,5,243,0,1,0,1,0,12,1
582,14,2429,0,1,1,0,0,16,1
583,108,125,1,16,1,1,0,13,0
584,363,355,41,17,1,1,0,11,0
585,174,26,52,12,1,1,0,11,0
586,500,667,0,150,1,1,0,11,0
587,626,679,48,58,1,1,0,12,0
588,514,573,19,216,1,0,2,15,0
589,636,632,16,111,1,0,0,5,0
590,34,938,110,3,1,0,0,15,1
591,8,23,0,0,0,0,0,10,1
592,349,352,15,44,1,1,4,21,0
593,427,981,20,95,1,1,2,13,0
594,237,249,0,36,1,1,0,11,0
595,371,376,0,3,1,1,0,6,0
596,146,166,0,4,1,1,4,10,0
597,235,7202,0,1,1,1,2,14,1
598,489,570,40,367,1,1,0,11,0
599,417,375,6,25,1,1,0,10,0
600,560,500,39,49,1,1,0,9,0
601,14,1803,0,0,1,0,0,11,1
602,80,4839,10,5,1,0,0,8,1
603,345,362,0,56,1,1,0,11,0
604,204,126,0,393,1,0,0,14,0
605,468,456,41,12,1,1,0,6,0
606,911,561,29,211,1,0,0,13,0
607,604,674,0,65,1,1,0,11,0
608,167,294,0,37,1,1,0,14,0
609,114,155,29,8,1,1,2,12,0
610,433,453,0,52,1,1,0,10,0
611,1218,351,35,15,1,0,0,10,0
612,204,445,118,92,1,1,0,8,0
613,1562,1213,0,98,1,1,0,14,0
614,550,502,19,108,1,1,0,13,0
615,217,198,3,0,1,1,0,17,0
616,679,764,23,39,1,1,0,11,0
617,113,148,0,9,1,1,0,10,0
618,401,2117,0,3,1,0,1,10,0
619,462,483,32,31,1,1,0,12,0
620,592,108,35,117,1,0,0,9,0
621,250,796,97,9,1,0,0,20,0
622,222,248,0,40,1,1,0,13,0
623,278,458,42,85,1,1,0,14,0
624,237,492,0,21,1,1,4,10,0
625,29,41,0,0,0,1,0,9,1
626,427,509,26,0,1,1,0,12,0
627,589,601,58,58,1,1,0,13,0
628,219,337,0,0,1,1,1,7,0
629,402,343,98,1058,1,1,0,10,0
630,288,365,8,4,1,1,0,14,0
631,407,3792,0,1,1,0,3,9,1
632,197,131,3,1,0,0,0,12,0
633,47,3999,129,0,1,1,0,12,1
634,204,263,49,24,1,0,0,9,0
635,1801,1029,0,123,1,0,0,8,0
636,350,385,0,63,1,1,0,8,0
637,2,57,0,0,0,0,2,10,1
638,368,6929,0,2,1,0,0,7,1
639,342,286,35,18,1,1,0,13,0
640,304,450,0,271,1,1,0,8,0
641,124,115,0,143,1,0,0,6,0
642,341,1049,33,176,1,1,0,8,0
643,649,630,35,67,1,0,0,9,0
644,266,248,33,12,1,0,0,11,0
645,19,4046,0,1,1,0,5,19,1
646,772,669,22,79,1,0,0,8,0
647,263,482,30,29,1,1,0,8,0
648,260,349,0,26,1,0,0,12,0
649,160,304,0,5,1,1,0,10,0
650,163,186,0,0,1,1,0,8,0
651,420,1097,22,29,1,1,0,10,0
652,70,160,0,4,1,1,0,5,0
653,2,1973,13,0,0,1,1,11,1
654,230,230,8,2,1,1,0,12,0
655,473,531,24,19,1,1,0,10,0
656,486,479,20,38,1,1,0,15,0
657,1,282,0,0,0,1,0,15,1
658,473,497,8,16,1,1,0,12,0
659,142,289,0,7,1,0,0,12,0
660,293,259,0,36,1,1,0,13,0
661,41,93,0,1,1,1,0,9,0
662,298,298,22,25,1,1,0,12,0
663,33,5133,0,2,1,0,8,13,1
664,233,280,0,23,1,0,0,7,0
665,160,169,9,8,1,1,0,10,0
666,719,607,45,69,1,1,0,11,0
667,196,207,0,27,1,1,0,7,0
668,148,426,0,22,1,1,0,8,0
669,569,539,41,95,1,1,0,11,0
670,369,396,0,5,1,1,0,12,0
671,376,437,116,33,1,1,0,9,0
672,399,364,47,9,1,1,0,16,0
673,1,127,0,0,1,1,0,10,1
674,182,188,19,24,1,1,0,7,0
675,242,273,0,206,1,1,0,13,0
676,58,170,12,20,1,0,0,9,0
677,59,6603,0,0,0,1,0,12,1
678,257,281,17,11,1,1,0,8,0
679,452,481,0,82,1,1,0,6,0
680,527,498,40,42,1,1,1,11,0
681,265,319,21,58,1,1,0,11,0
682,775,691,25,26,1,1,0,6,0
683,513,442,0,50,1,1,0,14,0
684,70,78,0,9,1,0,0,20,0
685,80,1844,16,1,1,1,0,9,1
686,216,268,40,10,1,1,1,10,0
687,338,330,41,17,1,0,0,12,0
688,527,527,25,10,1,1,4,10,0
689,199,61,73,1,1,0,0,12,0
690,4492,2210,130,184,1,0,0,15,0
691,713,636,3,118,1,1,0,13,0
692,1073,837,0,49,1,1,0,14,0
693,287,1459,10,8,1,0,4,13,0
694,339,378,61,1,1,1,0,15,0
695,421,565,30,44,1,1,0,6,0
696,342,343,50,56,1,1,2,6,0
697,94,123,0,0,0,1,0,12,0
698,146,163,69,63,1,1,0,9,0
699,162,171,0,1,0,1,0,15,1
700,1078,179,0,131,1,0,2,15,0
701,619,793,98,272,1,1,0,7,0
702,83,119,39,5,1,1,0,12,0
703,335,353,26,2,1,1,0,14,0
704,299,540,0,112,1,1,0,12,0
705,174,172,0,1,1,1,0,10,0
706,322,411,23,12,1,1,0,11,0
707,316,496,105,5,1,0,0,16,0
708,12,2319,0,0,0,0,3,10,1
709,163,109,0,36,1,1,2,12,0
710,718,917,84,86,1,1,2,12,0
711,1221,999,0,30,1,1,0,13,0
712,233,242,43,9,1,1,0,14,0
713,330,433,63,35,1,0,0,15,0
714,372,374,0,46,1,1,0,14,0
715,125,1396,15,0,1,1,2,12,1
716,302,307,7,80,1,1,0,15,0
717,348,338,15,15,1,1,0,6,0
718,105,6802,17,0,1,0,0,6,1
719,140,1104,0,3,1,0,0,15,1
720,145,327,139,6,1,0,0,14,0
721,369,396,0,5,1,1,0,12,0
722,436,348,57,33,1,0,0,11,0
723,570,455,37,120,1,1,0,10,0
724,488,1071,0,53,1,1,0,7,0
725,0,25,138,6,1,0,0,10,1
726,336,598,0,223,1,1,0,8,0
727,349,427,13,14,1,1,4,12,0
728,156,199,42,2,1,0,0,11,0
729,894,874,1,414,1,1,2,11,0
730,17,1299,0,1,1,0,0,18,1
731,383,419,4,5,1,1,0,11,0
732,433,409,31,3,1,0,0,12,0
733,234,658,93,2,1,0,0,14,0
734,248,197,71,27,1,1,0,11,0
735,462,682,0,94,1,1,0,10,0
736,52,2479,0,0,1,0,0,14,1
737,138,124,10,2,1,1,0,13,0
738,22,4006,0,0,0,0,0,8,1
739,245,395,0,10,1,1,0,8,0
740,523,396,30,52,1,1,0,11,0
741,334,411,40,21,1,0,0,16,0
742,153,253,0,8,1,1,0,12,0
743,35,4621,0,0,0,0,4,17,1
744,46,22,21,4,1,0,0,18,0
745,202,340,0,28,1,1,0,11,0
746,278,265,0,155,1,0,0,9,0
747,420,457,21,127,1,0,0,10,0
748,549,545,0,100,1,1,0,11,0
749,257,254,76,26,1,1,0,7,0
750,654,679,33,24,1,0,0,8,0
751,16,266,0,0,0,0,2,14,1
752,550,555,133,234,1,1,0,16,0
753,214,208,0,9,1,1,0,12,0
754,1500,1446,103,132,1,1,0,14,0
755,1532,1431,57,313,1,1,0,11,0
756,472,431,32,59,1,1,0,9,0
757,639,677,17,125,1,1,0,9,0
758,294,307,0,22,1,1,2,11,0
759,676,701,0,249,1,1,0,11,0
760,6,866,0,2,0,1,0,10,1
761,393,463,0,165,1,1,0,8,0
762,270,493,0,0,1,0,0,13,0
763,79,90,0,0,1,1,0,7,0
764,21,946,0,1,1,0,1,10,1
765,0,577,0,0,0,1,0,14,1
766,446,496,0,62,1,1,0,7,0
767,520,604,15,732,1,0,0,9,0
768,68,75,0,17,1,0,0,15,0
769,63,2318,0,0,1,0,4,9,1
770,256,338,36,39,1,1,0,10,0
771,481,531,16,9,1,1,0,12,0
772,438,339,32,12,1,1,0,13,0
773,1266,678,50,1,1,0,0,13,0
774,842,797,0,99,1,1,0,13,0
775,402,478,56,22,1,1,0,14,0
776,735,665,44,19,1,1,0,11,0
777,102,264,0,11,1,1,0,12,0
778,384,219,51,11,1,1,0,12,0
779,511,916,0,134,1,1,0,12,0
780,422,377,18,17,1,0,0,13,0
781,255,246,0,12,1,1,0,12,0
782,222,185,0,22,1,1,0,6,0
783,185,1928,74,3,1,0,0,12,1
784,221,224,0,39,1,0,0,14,0
785,153,1195,9,0,1,0,0,9,1
786,30,940,24,3,1,0,0,10,1
787,584,653,34,88,1,1,0,9,0
788,873,4935,22,30,1,0,0,9,0
789,378,578,9,61,1,1,0,7,0
790,208,571,0,11,1,0,0,8,0
791,445,449,0,60,1,0,0,16,0
792,324,4122,0,0,1,0,4,15,1
793,189,332,0,5,1,1,0,16,0
794,748,996,11,44,1,1,0,13,0
795,499,617,14,56,1,1,0,12,0
796,554,561,0,325,1,1,0,12,0
797,150,184,0,79,1,0,0,6,0
798,177,237,0,9,1,1,2,12,0
799,323,373,40,10,1,1,0,14,0
800,294,386,8,15,1,1,2,14,0
801,969,944,124,118,1,0,0,12,0
802,788,664,24,383,1,0,0,11,0
803,0,2513,0,1,1,1,0,13,1
804,871,841,78,161,1,0,0,12,0
805,372,362,36,13,1,1,0,7,0
806,64,359,0,6,1,0,0,7,1
807,327,524,0,24,1,1,0,13,0
808,83,2012,0,0,1,1,2,12,1
809,24,2503,0,1,1,0,4,9,1
810,6,181,0,1,1,0,3,15,1
811,382,346,23,38,1,1,0,7,0
812,414,440,14,71,1,0,0,9,0
813,736,662,0,312,1,0,0,7,0
814,374,311,0,23,1,1,0,10,0
815,450,473,64,152,1,1,0,15,0
816,114,248,0,49,1,0,0,14,0
817,361,1066,0,308,1,1,0,12,0
818,165,205,6,0,1,0,0,8,0
819,611,514,94,36,1,0,0,12,0
820,71,31,57,3,1,0,1,11,1
821,342,465,6,3,1,1,0,7,0
822,119,116,0,2,1,1,0,15,0
823,3208,1911,0,0,0,0,5,15,1
824,875,1027,24,2,1,0,0,17,0
825,203,250,53,131,1,1,0,8,0
826,181,199,0,3,0,1,1,21,0
827,1,15,0,0,1,1,0,10,0
828,268,388,0,3,1,1,0,8,0
829,37,207,0,0,0,0,0,15,1
830,484,412,13,59,1,1,0,8,0
831,149,123,0,1,1,0,0,15,0
832,251,321,48,42,1,1,0,12,0
833,275,602,43,25,1,1,0,8,0
834,505,382,9,4,1,1,0,11,0
835,645,694,0,69,1,1,0,12,0
836,27,354,0,0,1,1,4,10,1
837,304,321,32,23,1,1,0,11,0
838,487,788,44,43,1,1,0,8,0
839,194,278,0,3,1,1,1,11,0
840,907,927,64,36,1,1,0,14,0
841,301,444,81,60,1,1,0,6,0
842,404,461,0,1,1,0,0,15,0
843,670,547,52,68,1,1,0,12,0
844,282,377,37,9,1,1,0,12,0
845,295,302,11,2,1,1,0,11,0
846,461,700,0,475,1,1,0,7,0
847,210,238,0,1,1,0,0,10,0
848,238,410,11,44,1,1,0,10,0
849,409,504,32,3,1,1,0,20,0
850,319,328,23,6,1,1,0,11,0
851,426,486,60,110,1,0,0,12,0
852,107,260,0,0,1,1,0,13,0
853,380,500,38,19,1,1,0,9,0
854,324,323,0,114,1,1,0,10,0
855,312,2275,110,5,1,0,0,12,0
856,11,76,0,0,0,0,2,13,1
857,359,386,0,397,1,1,0,15,0
858,1257,857,14,228,1,0,0,11,0
859,96,174,0,1,0,1,0,15,0
860,218,316,16,438,1,1,0,10,0
861,262,522,0,11,1,0,2,11,0
862,540,543,0,73,1,1,0,12,0
863,106,147,0,1,1,1,0,11,0
864,576,680,135,187,1,1,0,11,0
865,5,16,0,0,0,1,0,9,1
866,605,525,54,6,1,0,0,9,0
867,39,1022,58,0,0,0,3,30,1
868,239,324,106,29,1,1,0,10,0
869,225,446,0,53,1,0,0,11,0
870,284,315,0,23,1,1,0,7,0
871,194,219,14,33,1,1,0,15,0
872,687,539,18,78,1,0,0,9,0
873,340,536,0,4,1,0,4,15,0
874,473,614,5,99,1,0,0,13,0
875,323,405,0,69,1,1,0,10,0
876,450,708,52,58,1,1,0,10,0
877,129,152,0,0,1,1,0,14,0
878,274,309,0,2,1,1,0,12,0
879,191,280,9,4,1,1,0,15,0
880,0,0,108,6,1,0,2,10,1
881,104,1423,53,0,0,0,0,13,1
882,687,539,18,78,1,0,0,9,0
883,200,204,0,60,1,1,2,16,0
884,570,455,37,120,1,1,0,10,0
885,250,247,31,4,1,0,0,7,0
886,47,106,0,0,0,0,3,11,1
887,143,233,0,1,1,1,0,13,0
888,804,2553,0,25,1,0,5,18,0
889,447,749,0,185,1,1,0,14,0
890,257,149,33,39,1,0,0,7,0
891,185,486,7,0,1,1,0,9,0
892,379,484,0,130,1,1,0,10,0
893,39,43,11,0,1,1,4,10,0
894,199,272,18,36,1,1,0,8,0
895,450,579,103,67,1,1,0,9,0
896,208,571,0,11,1,0,0,8,0
897,14,107,0,1,1,0,1,10,1
898,414,496,0,60,1,1,0,10,0
899,213,153,19,209,1,1,0,8,0
900,847,652,6,83,1,0,0,7,0
901,322,365,50,122,1,1,0,6,0
902,740,940,53,483,1,1,0,9,0
903,273,297,19,0,1,1,0,15,0
904,1031,719,12,99,1,0,0,13,0
905,146,134,31,36,1,1,0,10,0
906,18,1741,0,0,0,0,0,11,1
907,522,641,88,171,1,0,0,7,0
908,460,380,5,67,1,1,0,12,0
909,339,476,56,33,1,1,0,8,0
910,11,344,24,0,0,1,4,9,1
911,377,508,0,25,1,1,0,10,0
912,36,315,10,0,1,0,0,11,0
913,345,332,19,167,1,1,0,14,0
914,982,979,0,266,1,0,0,13,0
915,200,304,0,82,1,1,0,8,0
916,307,4887,3,3,1,0,0,22,1
917,559,674,0,13,1,1,0,14,0
918,475,528,0,29,1,1,0,7,0
919,545,494,22,22,1,1,0,15,0
920,210,367,0,114,1,1,0,8,0
921,195,396,27,31,1,1,0,14,0
922,314,187,102,200,1,0,0,11,0
923,792,3126,113,6,1,0,0,20,0
924,83,252,0,40,1,1,0,12,0
925,455,449,18,32,1,1,0,12,0
926,607,7455,20,0,0,1,0,9,1
927,26,1919,0,0,0,0,0,12,1
928,224,287,0,51,1,1,0,13,0
929,582,623,0,36,1,1,0,14,0
930,630,641,1,93,1,1,0,17,0
931,432,410,25,26,1,1,0,10,0
932,393,372,25,7,1,0,0,9,0
933,15,3949,0,0,0,0,2,13,1
934,234,242,4,11,1,1,0,11,0
935,431,463,21,42,1,1,0,10,0
936,238,100,10,100,1,1,0,11,0
937,368,1114,16,69,1,0,0,8,0
938,634,648,59,21,1,0,0,9,0
939,12,28,0,1,1,1,4,14,0
940,516,538,10,20,1,1,0,14,0
941,512,365,67,12,1,1,2,12,0
942,338,435,0,7,1,1,0,10,0
943,603,496,57,100,1,1,0,13,0
944,23,140,57,0,1,0,0,10,0
945,32,3921,70,0,1,0,2,11,1
946,348,359,0,21,1,1,0,10,0
947,433,543,1,288,1,1,0,12,0
948,547,790,0,17,1,0,0,8,0
949,254,907,0,34,1,1,0,13,0
950,350,426,30,24,1,1,0,12,0
951,175,313,11,4,1,0,0,7,0
952,420,4883,30,8,1,0,0,12,1
953,234,196,146,66,1,1,2,8,0
954,189,272,0,8,1,1,0,12,0
955,330,272,14,103,1,1,0,10,0
956,293,438,46,45,1,1,0,6,0
957,32,2184,35,2,1,0,2,18,1
958,379,436,7,56,1,1,0,12,0
959,2,757,0,0,1,0,3,13,1
960,521,491,10,69,1,1,0,14,0
961,296,291,0,26,1,1,0,14,0
962,371,370,29,10,1,1,0,14,0
963,725,733,35,91,1,1,0,13,0
964,1054,1538,25,445,1,0,0,6,0
965,381,515,43,67,1,1,0,12,0
966,1050,820,43,332,1,0,0,10,0
967,25,765,70,2,1,0,0,16,0
968,70,808,0,6,1,0,1,9,0
969,620,623,0,161,1,1,0,9,0
970,351,381,35,25,1,0,0,10,0
971,293,339,12,92,1,1,0,10,0
972,77,42,16,5,1,0,0,16,0
973,207,225,24,6,1,1,0,10,0
974,358,315,26,33,1,1,0,6,0
975,337,296,7,65,1,0,0,13,0
976,260,296,10,2,1,0,0,7,0
977,8,1359,0,0,1,0,0,8,1
978,146,203,7,4,1,1,0,6,0
979,8,2039,0,0,1,0,4,11,1
980,338,330,41,17,1,0,0,12,0
981,625,977,13,7,1,1,0,11,0
982,521,2397,118,9,1,0,2,17,0
983,114,115,24,21,1,1,0,6,0
984,203,823,71,4,1,0,0,12,0
985,188,504,0,3,1,1,0,9,0
986,694,3255,84,8,1,0,2,15,0
987,368,459,30,65,1,1,0,7,0
988,525,1017,10,41,1,1,0,13,0
989,144,651,0,8,1,1,0,11,0
990,3087,526,132,32,1,0,0,22,0
991,651,722,51,136,1,1,0,12,0
992,247,963,78,30,1,0,0,10,0
993,3,157,0,0,0,1,4,9,1
994,225,307,0,74,1,1,0,8,0
995,322,1496,0,53,0,1,4,10,0
996,15,399,0,0,0,0,3,12,1
997,235,186,30,9,1,1,0,16,0
998,651,643,39,171,1,1,0,15,0
999,222,440,105,5,1,0,3,14,0
1000,566,585,0,13,1,1,0,7,0
1001,625,703,48,34,1,1,0,8,0
1002,66,244,34,0,0,0,0,11,1
1003,43,30,0,15,1,1,2,6,0
1004,431,688,0,15,1,1,0,9,0
1005,679,666,115,54,1,1,0,7,0
1006,230,436,0,36,1,1,0,14,0
1007,581,544,6,58,1,1,0,11,0
1008,404,458,0,240,1,1,0,10,0
1009,44,3787,0,1,0,0,0,13,0
1010,273,392,0,5,1,1,0,11,0
1011,79,80,7,2,1,1,0,11,0
1012,66,84,0,1,1,1,0,10,0
1013,26,1392,85,3,1,0,1,13,1
1014,11,1898,37,0,1,1,2,9,1
1015,752,726,0,312,1,1,0,12,0
1016,354,363,10,40,1,0,0,11,0
1017,65,67,79,116,1,0,0,8,0
1018,847,958,0,209,1,1,0,14,0
1019,120,135,14,46,1,0,0,13,0
1020,468,504,0,26,1,1,0,9,0
1021,325,523,0,84,1,1,0,17,0
1022,99,227,0,117,1,1,0,17,0
1023,536,504,74,134,1,1,0,15,0
1024,374,445,0,104,1,1,0,7,0
1025,137,1096,0,5,1,0,0,12,0
1026,1,0,90,9,1,0,1,19,1
1027,723,649,18,62,1,0,0,8,0
1028,542,531,41,78,1,1,0,14,0
1029,207,201,131,75,1,1,2,12,0
1030,257,291,139,19,1,1,2,10,0
1031,170,181,18,15,1,1,0,14,0
1032,297,480,22,25,1,1,2,9,0
1033,302,306,27,37,1,1,0,11,0
1034,579,413,36,221,1,0,0,11,0
1035,202,201,0,21,1,1,0,9,0
1036,613,555,27,121,1,1,0,11,0
1037,442,6662,0,396,1,0,0,11,1
1038,218,255,0,2,1,1,0,9,0
1039,5,77,0,0,1,0,4,10,1
1040,414,440,14,71,1,0,0,9,0
1041,392,379,21,8,1,0,0,13,0
1042,456,545,82,48,1,1,0,10,0
1043,321,306,18,102,1,1,0,9,0
1044,347,407,66,11,1,1,0,17,0
1045,632,664,14,31,1,1,0,10,0
1046,346,390,14,8,1,1,0,9,0
1047,594,800,28,21,1,1,0,12,0
1048,1817,758,2,115,1,1,0,14,0
1049,36,2004,10,6,0,1,2,13,1
1050,387,382,43,69,1,1,0,8,0
1051,540,604,0,16,1,1,0,16,0
1052,200,229,17,4,1,1,2,10,0
1053,499,758,0,23,1,1,2,13,0
1054,228,806,13,0,1,1,0,13,0
1055,455,603,0,79,1,1,0,11,0
1056,288,276,22,13,1,1,0,12,0
1057,391,314,3,17,1,0,0,12,0
1058,444,604,111,3,1,0,4,16,0
1059,369,430,60,14,1,1,0,14,0
1060,315,363,26,0,1,0,0,8,0
1061,228,4956,50,1,1,1,3,9,1
1062,456,653,1,170,1,1,0,9,0
1063,510,594,0,25,1,1,0,11,0
1064,247,1749,0,3,1,0,4,10,1
1065,143,237,0,3,1,0,0,12,0
1066,427,407,45,124,1,1,0,8,0
1067,406,392,0,142,1,0,0,6,0
1068,409,927,6,32,1,1,0,7,0
1069,622,364,26,2,0,0,0,9,1
1070,207,258,0,4,1,0,2,12,0
1071,207,196,0,7,1,1,0,11,0
1072,12,25,0,0,0,0,0,9,1
1073,158,209,0,5,1,1,0,7,0
1074,256,307,6,12,1,1,0,11,0
1075,190,184,0,2,1,1,0,11,0
1076,590,801,43,76,1,0,2,13,0
1077,416,460,0,104,1,1,0,10,0
1078,428,385,50,18,1,1,0,14,0
1079,630,755,0,125,1,1,0,10,0
1080,593,923,13,34,1,1,0,9,0
1081,310,357,23,44,1,1,0,10,0
1082,268,348,43,21,1,0,0,11,0
1083,561,508,45,114,1,0,0,9,0
1084,619,750,24,38,1,1,0,9,0
1085,255,308,0,80,1,1,0,11,0
1086,584,669,42,31,1,0,0,10,0
1087,22,1330,0,0,1,0,3,10,1
1088,449,410,19,19,1,1,0,8,0
1089,474,410,74,33,1,1,0,14,0
1090,300,267,15,22,1,0,0,10,0
1091,571,755,4,16,1,1,0,10,0
1092,95,106,0,0,1,1,0,7,0
1093,403,388,0,23,1,1,0,11,0
1094,384,455,0,31,1,0,2,6,0
1095,311,406,0,11,1,1,0,9,0
1096,477,474,0,0,0,1,0,9,0
1097,824,962,23,5,1,0,0,14,0
1098,564,538,0,71,1,1,0,13,0
1099,377,539,76,40,1,0,0,11,0
1100,32,4,0,1,1,0,2,10,1
1101,696,769,30,11,1,0,3,16,0
1102,0,0,0,0,0,0,4,10,1
1103,367,361,0,98,1,1,0,9,0
1104,543,1020,41,179,1,1,0,14,0
1105,449,410,19,19,1,1,0,8,0
1106,33,1470,0,2,1,1,4,13,1
1107,274,267,19,3,1,1,0,10,0
1108,78,783,28,1,1,0,0,11,0
1109,1170,1355,0,491,1,1,0,14,0
1110,256,344,34,53,1,1,0,12,0
1111,217,266,11,13,1,1,0,13,0
1112,371,442,0,9,1,1,0,16,0
1113,14,1229,0,4,0,1,0,14,1
1114,213,245,0,31,1,1,0,12,0
1115,424,499,50,38,1,1,0,7,0
1116,53,620,4,1,1,1,0,8,1
1117,0,434,0,0,0,1,0,12,1
1118,403,470,23,47,1,1,0,10,0
1119,34,7158,0,0,0,0,1,10,1
1120,370,387,21,22,1,1,0,7,0
1121,267,319,19,15,1,1,0,16,0
1122,172,227,51,10,1,0,0,10,0
1123,399,826,54,70,1,1,0,13,0
1124,403,490,0,38,1,1,0,12,0
1125,22,2666,0,0,0,1,2,9,1
1126,715,598,66,210,1,0,0,7,0
1127,236,338,21,23,1,1,0,11,0
1128,524,510,0,18,1,1,0,9,0
1129,200,224,71,17,1,1,0,12,0
1130,631,645,22,56,1,1,0,8,0
1131,283,355,0,140,1,1,0,8,0
1132,606,722,44,56,1,1,0,9,0
1133,510,669,33,31,1,1,0,11,0
1134,719,1107,0,227,1,1,0,13,0
1135,486,651,18,227,1,1,0,7,0
1136,585,576,0,43,1,1,0,12,0
1137,254,352,22,94,1,1,0,15,0
1138,511,563,32,16,1,0,0,15,0
1139,312,453,33,47,1,1,0,9,0
1140,11,159,0,1,0,0,3,14,1
1141,187,191,24,45,1,0,0,15,0
1142,169,39,0,4,1,0,0,11,0
1143,34,219,0,2,0,0,0,20,1
1144,308,423,0,101,1,1,2,14,0
1145,280,691,7,8,1,0,0,16,0
1146,251,292,0,3,1,1,0,9,0
1147,507,582,34,99,1,1,0,11,0
1148,1342,712,24,112,1,0,0,12,0
1149,313,280,0,13,1,0,0,15,0
1150,245,208,4,2,1,1,2,12,0
1151,180,224,0,3,1,1,2,8,0
1152,1123,1162,130,428,1,1,0,12,0
1153,386,482,32,48,1,1,0,7,0
1154,453,528,24,75,1,1,0,15,0
1155,88,146,34,6,1,0,0,8,0
1156,588,497,0,13,1,1,0,12,0
1157,330,422,40,799,1,1,0,11,0
1158,116,1265,75,3,1,0,0,18,0
1159,165,618,0,0,1,0,0,8,1
1160,728,307,0,50,1,0,0,5,0
1161,1002,1089,0,582,1,1,0,10,0
1162,260,390,0,37,1,1,0,11,0
1163,428,413,16,314,1,1,0,12,0
1164,603,1233,7,588,1,1,0,7,0
1165,413,677,0,38,1,1,0,15,0
1166,6,961,0,0,1,0,5,8,1
1167,321,330,32,8,1,1,0,6,0
1168,552,639,1,184,1,1,0,10,0
1169,210,220,0,1,1,1,0,10,0
1170,367,416,41,111,1,1,0,7,0
1171,60,108,0,49,1,1,1,14,0
1172,150,256,98,28,1,1,0,15,0
1173,265,312,93,53,1,1,0,9,0
1174,1038,6640,0,156,1,0,0,12,0
1175,582,828,0,43,1,1,0,16,0
1176,586,779,0,88,1,0,0,9,0
1177,172,187,1,7,1,1,0,10,0
1178,872,772,0,174,1,0,0,11,0
1179,253,303,0,7,1,1,0,9,0
1180,625,921,0,91,1,1,0,7,0
1181,37,1982,8,1,1,0,3,9,1
1182,209,216,19,14,1,1,0,13,0
1183,132,345,0,33,1,1,0,6,0
1184,658,604,8,27,1,1,0,7,0
1185,61,992,0,0,1,0,4,10,1
1186,322,257,0,3,1,0,0,12,0
1187,37,413,49,5,1,0,0,9,0
1188,544,371,24,5,1,1,2,9,0
1189,938,1194,66,27,1,1,0,14,0
1190,642,707,8,10,1,1,0,12,0
1191,153,180,17,6,1,1,0,11,0
1192,165,752,0,0,0,1,3,8,1
1193,14,3359,0,0,1,0,1,7,1
